thu,gio,so_luong_request
Mon,0,109
Mon,1,97
Mon,2,112
Mon,3,130
Mon,4,95
Mon,5,95
Mon,6,281
Mon,7,265
Mon,8,390
Mon,9,410
Mon,10,390
Mon,11,390
Mon,12,404
Mon,13,361
Mon,14,365
Mon,15,388
Mon,16,379
Mon,17,406
Mon,18,381
Mon,19,221
Mon,20,279
Mon,21,245
Mon,22,251
Mon,23,71
Tue,0,89
Tue,1,102
Tue,2,76
Tue,3,107
Tue,4,87
Tue,5,94
Tue,6,237
Tue,7,287
Tue,8,399
Tue,9,378
Tue,10,416
Tue,11,375
Tue,12,404
Tue,13,360
Tue,14,373
Tue,15,403
Tue,16,414
Tue,17,403
Tue,18,397
Tue,19,243
Tue,20,220
Tue,21,235
Tue,22,240
Tue,23,121
Wed,0,106
Wed,1,64
Wed,2,106
Wed,3,92
Wed,4,86
Wed,5,112
Wed,6,270
Wed,7,268
Wed,8,383
Wed,9,393
Wed,10,406
Wed,11,419
Wed,12,390
Wed,13,396
Wed,14,377
Wed,15,376
Wed,16,416
Wed,17,427
Wed,18,398
Wed,19,270
Wed,20,257
Wed,21,237
Wed,22,257
Wed,23,130
Thu,0,99
Thu,1,131
Thu,2,47
Thu,3,116
Thu,4,101
Thu,5,94
Thu,6,251
Thu,7,210
Thu,8,395
Thu,9,407
Thu,10,429
Thu,11,389
Thu,12,383
Thu,13,389
Thu,14,418
Thu,15,406
Thu,16,389
Thu,17,410
Thu,18,401
Thu,19,269
Thu,20,235
Thu,21,243
Thu,22,242
Thu,23,70
Fri,0,105
Fri,1,105
Fri,2,100
Fri,3,95
Fri,4,71
Fri,5,91
Fri,6,243
Fri,7,233
Fri,8,396
Fri,9,408
Fri,10,437
Fri,11,403
Fri,12,405
Fri,13,398
Fri,14,361
Fri,15,399
Fri,16,401
Fri,17,449
Fri,18,396
Fri,19,256
Fri,20,249
Fri,21,226
Fri,22,272
Fri,23,115
Sat,0,115
Sat,1,81
Sat,2,128
Sat,3,71
Sat,4,111
Sat,5,143
Sat,6,230
Sat,7,238
Sat,8,401
Sat,9,389
Sat,10,368
Sat,11,401
Sat,12,378
Sat,13,409
Sat,14,381
Sat,15,430
Sat,16,384
Sat,17,393
Sat,18,416
Sat,19,225
Sat,20,254
Sat,21,276
Sat,22,217
Sat,23,103
Sun,0,105
Sun,1,115
Sun,2,75
Sun,3,73
Sun,4,110
Sun,5,105
Sun,6,255
Sun,7,256
Sun,8,386
Sun,9,404
Sun,10,405
Sun,11,385
Sun,12,437
Sun,13,409
Sun,14,376
Sun,15,413
Sun,16,380
Sun,17,415
Sun,18,423
Sun,19,233
Sun,20,269
Sun,21,258
Sun,22,266
Sun,23,137
